<?xml version="1.0" encoding="utf-8" ?><dwsync><file name="404-image.webp" server="ftp.stukulele.com/public_html/" local="3845618845" remote="3812360400" Dst="-1" /><file name="agenda-img-4.webp" server="ftp.stukulele.com/public_html/" local="3845618845" remote="3810463200" Dst="-1" /><file name="akaka-falls-state-park-flora.webp" server="ftp.stukulele.com/public_html/" local="3845618845" remote="3812360400" Dst="-1" /><file name="book-image-landing.webp" server="ftp.stukulele.com/public_html/" local="3845618845" remote="3810463200" Dst="-1" /><file name="book-image.webp" server="ftp.stukulele.com/public_html/" local="3845618846" remote="3810463200" Dst="-1" /><file name="botany-flowers-closeup.webp" server="ftp.stukulele.com/public_html/" local="3845618846" remote="3812360400" Dst="-1" /><file name="botany-flowers.webp" server="ftp.stukulele.com/public_html/" local="3845618847" remote="3810463200" Dst="-1" /><file name="campanula-alliariifolia-flower.webp" server="ftp.stukulele.com/public_html/" local="3845618847" remote="3812360400" Dst="-1" /><file name="category-anthuriums.webp" server="ftp.stukulele.com/public_html/" local="3845618847" remote="3810463200" Dst="-1" /><file name="category-sunflowers.webp" server="ftp.stukulele.com/public_html/" local="3845618848" remote="3810463200" Dst="-1" /><file name="category-cactus.webp" server="ftp.stukulele.com/public_html/" local="3845618848" remote="3810463200" Dst="-1" /><file name="dallas-creek-square.webp" server="ftp.stukulele.com/public_html/" local="3845618848" remote="3810463200" Dst="-1" /><file name="coming-soon-bg-image.webp" server="ftp.stukulele.com/public_html/" local="3845618848" remote="3810463200" Dst="-1" /><file name="coral-square.webp" server="ftp.stukulele.com/public_html/" local="3845618848" remote="3810463200" Dst="-1" /><file name="delphinium-flowers.webp" server="ftp.stukulele.com/public_html/" local="3845618849" remote="3812360400" Dst="-1" /><file name="flower-meadow-square.webp" server="ftp.stukulele.com/public_html/" local="3845618849" remote="3810463200" Dst="-1" /><file name="grid-flower-1.webp" server="ftp.stukulele.com/public_html/" local="3845618849" remote="3810463200" Dst="-1" /><file name="grid-flower-2.webp" server="ftp.stukulele.com/public_html/" local="3845618850" remote="3812360400" Dst="-1" /><file name="hero-podcast.webp" server="ftp.stukulele.com/public_html/" local="3845618850" remote="3811669200" Dst="-1" /><file name="link-in-bio-background.webp" server="ftp.stukulele.com/public_html/" local="3845618851" remote="3810463200" Dst="-1" /><file name="malibu-plantlife.webp" server="ftp.stukulele.com/public_html/" local="3845618851" remote="3812360400" Dst="-1" /><file name="link-in-bio-image.webp" server="ftp.stukulele.com/public_html/" local="3845618851" remote="3812360400" Dst="-1" /><file name="location.webp" server="ftp.stukulele.com/public_html/" local="3845618852" remote="3811669200" Dst="-1" /><file name="marshland-birds-square.webp" server="ftp.stukulele.com/public_html/" local="3845618852" remote="3810463200" Dst="-1" /><file name="man-in-hat.webp" server="ftp.stukulele.com/public_html/" local="3845618852" remote="3811064400" Dst="-1" /><file name="northern-buttercups-flowers.webp" server="ftp.stukulele.com/public_html/" local="3845618853" remote="3812360400" Dst="-1" /><file name="nurse.webp" server="ftp.stukulele.com/public_html/" local="3845618853" remote="3811064400" Dst="-1" /><file name="parthenon-square.webp" server="ftp.stukulele.com/public_html/" local="3845618853" remote="3810463200" Dst="-1" /><file name="poster-image-background.webp" server="ftp.stukulele.com/public_html/" local="3845618854" remote="3812360400" Dst="-1" /><file name="red-hibiscus-closeup.webp" server="ftp.stukulele.com/public_html/" local="3845618854" remote="3812360400" Dst="-1" /><file name="ruins-image.webp" server="ftp.stukulele.com/public_html/" local="3845618855" remote="3812360400" Dst="-1" /><file name="services-subscriber-photo.webp" server="ftp.stukulele.com/public_html/" local="3845618855" remote="3810463200" Dst="-1" /><file name="star-thristle-flower.webp" server="ftp.stukulele.com/public_html/" local="3845618855" remote="3812360400" Dst="-1" /><file name="typewriter.webp" server="ftp.stukulele.com/public_html/" local="3845618856" remote="3811064400" Dst="-1" /><file name="vash-gon-square.webp" server="ftp.stukulele.com/public_html/" local="3845618856" remote="3810463200" Dst="-1" /><file name="woman-splashing-water.webp" server="ftp.stukulele.com/public_html/" local="3845618856" remote="3811064400" Dst="-1" /></dwsync>