<?xml version="1.0" encoding="utf-8" ?><dwsync><file name="Literata72pt-Black.woff2" server="ftp.stukulele.com/public_html/" local="3845618835" remote="3810463200" Dst="-1" /><file name="Literata72pt-BlackItalic.woff2" server="ftp.stukulele.com/public_html/" local="3845618836" remote="3810463200" Dst="-1" /><file name="Literata72pt-Bold.woff2" server="ftp.stukulele.com/public_html/" local="3845618836" remote="3810463200" Dst="-1" /><file name="Literata72pt-BoldItalic.woff2" server="ftp.stukulele.com/public_html/" local="3845618836" remote="3810463200" Dst="-1" /><file name="Literata72pt-ExtraBold.woff2" server="ftp.stukulele.com/public_html/" local="3845618837" remote="3810463200" Dst="-1" /><file name="Literata72pt-ExtraBoldItalic.woff2" server="ftp.stukulele.com/public_html/" local="3845618837" remote="3810463200" Dst="-1" /><file name="Literata72pt-ExtraLight.woff2" server="ftp.stukulele.com/public_html/" local="3845618837" remote="3810463200" Dst="-1" /><file name="Literata72pt-ExtraLightItalic.woff2" server="ftp.stukulele.com/public_html/" local="3845618838" remote="3810463200" Dst="-1" /><file name="Literata72pt-Light.woff2" server="ftp.stukulele.com/public_html/" local="3845618838" remote="3810463200" Dst="-1" /><file name="Literata72pt-LightItalic.woff2" server="ftp.stukulele.com/public_html/" local="3845618838" remote="3810463200" Dst="-1" /><file name="Literata72pt-Medium.woff2" server="ftp.stukulele.com/public_html/" local="3845618839" remote="3810463200" Dst="-1" /><file name="Literata72pt-Regular.woff2" server="ftp.stukulele.com/public_html/" local="3845618839" remote="3810463200" Dst="-1" /><file name="Literata72pt-MediumItalic.woff2" server="ftp.stukulele.com/public_html/" local="3845618840" remote="3810463200" Dst="-1" /><file name="Literata72pt-RegularItalic.woff2" server="ftp.stukulele.com/public_html/" local="3845618840" remote="3810463200" Dst="-1" /><file name="Literata72pt-SemiBold.woff2" server="ftp.stukulele.com/public_html/" local="3845618841" remote="3810463200" Dst="-1" /><file name="Literata72pt-SemiBoldItalic.woff2" server="ftp.stukulele.com/public_html/" local="3845618841" remote="3810463200" Dst="-1" /></dwsync>