<?xml version="1.0" encoding="utf-8" ?><dwsync><file name="FiraSans-Black.woff2" server="ftp.stukulele.com/public_html/" local="3845618827" remote="3810463200" Dst="-1" /><file name="FiraSans-Bold.woff2" server="ftp.stukulele.com/public_html/" local="3845618828" remote="3810463200" Dst="-1" /><file name="FiraSans-BlackItalic.woff2" server="ftp.stukulele.com/public_html/" local="3845618828" remote="3810463200" Dst="-1" /><file name="FiraSans-BoldItalic.woff2" server="ftp.stukulele.com/public_html/" local="3845618828" remote="3810463200" Dst="-1" /><file name="FiraSans-ExtraBold.woff2" server="ftp.stukulele.com/public_html/" local="3845618829" remote="3810463200" Dst="-1" /><file name="FiraSans-ExtraBoldItalic.woff2" server="ftp.stukulele.com/public_html/" local="3845618829" remote="3810463200" Dst="-1" /><file name="FiraSans-ExtraLight.woff2" server="ftp.stukulele.com/public_html/" local="3845618829" remote="3810463200" Dst="-1" /><file name="FiraSans-ExtraLightItalic.woff2" server="ftp.stukulele.com/public_html/" local="3845618830" remote="3810463200" Dst="-1" /><file name="FiraSans-Italic.woff2" server="ftp.stukulele.com/public_html/" local="3845618831" remote="3810463200" Dst="-1" /><file name="FiraSans-Light.woff2" server="ftp.stukulele.com/public_html/" local="3845618831" remote="3810463200" Dst="-1" /><file name="FiraSans-LightItalic.woff2" server="ftp.stukulele.com/public_html/" local="3845618832" remote="3810463200" Dst="-1" /><file name="FiraSans-Medium.woff2" server="ftp.stukulele.com/public_html/" local="3845618832" remote="3810463200" Dst="-1" /><file name="FiraSans-MediumItalic.woff2" server="ftp.stukulele.com/public_html/" local="3845618832" remote="3810463200" Dst="-1" /><file name="FiraSans-Regular.woff2" server="ftp.stukulele.com/public_html/" local="3845618833" remote="3810463200" Dst="-1" /><file name="FiraSans-SemiBold.woff2" server="ftp.stukulele.com/public_html/" local="3845618833" remote="3810463200" Dst="-1" /><file name="FiraSans-SemiBoldItalic.woff2" server="ftp.stukulele.com/public_html/" local="3845618833" remote="3810463200" Dst="-1" /><file name="FiraSans-Thin.woff2" server="ftp.stukulele.com/public_html/" local="3845618834" remote="3810463200" Dst="-1" /><file name="FiraSans-ThinItalic.woff2" server="ftp.stukulele.com/public_html/" local="3845618835" remote="3810463200" Dst="-1" /></dwsync>