<?xml version="1.0" encoding="utf-8" ?><dwsync><file name="banner-cover-big-heading.php" server="ftp.stukulele.com/public_html/" local="3845618858" remote="3813656400" Dst="-1" /><file name="banner-about-book.php" server="ftp.stukulele.com/public_html/" local="3845618858" remote="3813656400" Dst="-1" /><file name="banner-intro-image.php" server="ftp.stukulele.com/public_html/" local="3845618858" remote="3823506000" Dst="-1" /><file name="banner-intro.php" server="ftp.stukulele.com/public_html/" local="3845618859" remote="3813656400" Dst="-1" /><file name="banner-poster.php" server="ftp.stukulele.com/public_html/" local="3845618859" remote="3813656400" Dst="-1" /><file name="banner-with-description-and-images-grid.php" server="ftp.stukulele.com/public_html/" local="3845618859" remote="3813656400" Dst="-1" /><file name="binding-format.php" server="ftp.stukulele.com/public_html/" local="3845618859" remote="3812360400" Dst="-1" /><file name="comments.php" server="ftp.stukulele.com/public_html/" local="3845618859" remote="3810463200" Dst="-1" /><file name="contact-centered-social-link.php" server="ftp.stukulele.com/public_html/" local="3845618860" remote="3813656400" Dst="-1" /><file name="contact-info-locations.php" server="ftp.stukulele.com/public_html/" local="3845618860" remote="3813656400" Dst="-1" /><file name="contact-location-and-link.php" server="ftp.stukulele.com/public_html/" local="3845618860" remote="3813656400" Dst="-1" /><file name="cta-book-links.php" server="ftp.stukulele.com/public_html/" local="3845618860" remote="3813656400" Dst="-1" /><file name="cta-book-locations.php" server="ftp.stukulele.com/public_html/" local="3845618860" remote="3813656400" Dst="-1" /><file name="cta-centered-heading.php" server="ftp.stukulele.com/public_html/" local="3845618860" remote="3813656400" Dst="-1" /><file name="cta-events-list.php" server="ftp.stukulele.com/public_html/" local="3845618861" remote="3813656400" Dst="-1" /><file name="cta-grid-products-link.php" server="ftp.stukulele.com/public_html/" local="3845618861" remote="3813656400" Dst="-1" /><file name="cta-heading-search.php" server="ftp.stukulele.com/public_html/" local="3845618861" remote="3813570000" Dst="-1" /><file name="cta-newsletter.php" server="ftp.stukulele.com/public_html/" local="3845618861" remote="3813656400" Dst="-1" /><file name="event-3-col.php" server="ftp.stukulele.com/public_html/" local="3845618861" remote="3813656400" Dst="-1" /><file name="event-rsvp.php" server="ftp.stukulele.com/public_html/" local="3845618862" remote="3812878800" Dst="-1" /><file name="event-schedule.php" server="ftp.stukulele.com/public_html/" local="3845618862" remote="3813656400" Dst="-1" /><file name="footer-centered.php" server="ftp.stukulele.com/public_html/" local="3845618862" remote="3813570000" Dst="-1" /><file name="footer-columns.php" server="ftp.stukulele.com/public_html/" local="3845618862" remote="3813570000" Dst="-1" /><file name="footer-newsletter.php" server="ftp.stukulele.com/public_html/" local="3845618862" remote="3813570000" Dst="-1" /><file name="footer-social.php" server="ftp.stukulele.com/public_html/" local="3845618863" remote="3813570000" Dst="-1" /><file name="footer.php" server="ftp.stukulele.com/public_html/" local="3845618863" remote="3813570000" Dst="-1" /><file name="format-audio.php" server="ftp.stukulele.com/public_html/" local="3845618863" remote="3812360400" Dst="-1" /><file name="format-link.php" server="ftp.stukulele.com/public_html/" local="3845618863" remote="3812360400" Dst="-1" /><file name="grid-videos.php" server="ftp.stukulele.com/public_html/" local="3845618863" remote="3813656400" Dst="-1" /><file name="grid-with-categories.php" server="ftp.stukulele.com/public_html/" local="3845618863" remote="3813656400" Dst="-1" /><file name="header-centered.php" server="ftp.stukulele.com/public_html/" local="3845618864" remote="3823506000" Dst="-1" /><file name="header-columns.php" server="ftp.stukulele.com/public_html/" local="3845618864" remote="3823506000" Dst="-1" /><file name="header-large-title.php" server="ftp.stukulele.com/public_html/" local="3845618864" remote="3823506000" Dst="-1" /><file name="header.php" server="ftp.stukulele.com/public_html/" local="3845618864" remote="3823506000" Dst="-1" /><file name="heading-and-paragraph-with-image.php" server="ftp.stukulele.com/public_html/" local="3845618864" remote="3813656400" Dst="-1" /><file name="hero-book.php" server="ftp.stukulele.com/public_html/" local="3845618865" remote="3813656400" Dst="-1" /><file name="hero-full-width-image.php" server="ftp.stukulele.com/public_html/" local="3845618865" remote="3823506000" Dst="-1" /><file name="hero-overlapped-book-cover-with-links.php" server="ftp.stukulele.com/public_html/" local="3845618865" remote="3813656400" Dst="-1" /><file name="hero-podcast.php" server="ftp.stukulele.com/public_html/" local="3845618865" remote="3813656400" Dst="-1" /><file name="hidden-404.php" server="ftp.stukulele.com/public_html/" local="3845618865" remote="3812360400" Dst="-1" /><file name="hidden-blog-heading.php" server="ftp.stukulele.com/public_html/" local="3845618866" remote="3810463200" Dst="-1" /><file name="hidden-search.php" server="ftp.stukulele.com/public_html/" local="3845618866" remote="3813570000" Dst="-1" /><file name="hidden-sidebar.php" server="ftp.stukulele.com/public_html/" local="3845618866" remote="3811064400" Dst="-1" /><file name="hidden-written-by.php" server="ftp.stukulele.com/public_html/" local="3845618866" remote="3812878800" Dst="-1" /><file name="logos.php" server="ftp.stukulele.com/public_html/" local="3845618866" remote="3813656400" Dst="-1" /><file name="media-instagram-grid.php" server="ftp.stukulele.com/public_html/" local="3845618866" remote="3813656400" Dst="-1" /><file name="more-posts.php" server="ftp.stukulele.com/public_html/" local="3845618867" remote="3811064400" Dst="-1" /><file name="overlapped-images.php" server="ftp.stukulele.com/public_html/" local="3845618867" remote="3813656400" Dst="-1" /><file name="page-business-home.php" server="ftp.stukulele.com/public_html/" local="3845618867" remote="3813656400" Dst="-1" /><file name="page-coming-soon.php" server="ftp.stukulele.com/public_html/" local="3845618867" remote="3811064400" Dst="-1" /><file name="page-cv-bio.php" server="ftp.stukulele.com/public_html/" local="3845618867" remote="3813656400" Dst="-1" /><file name="page-landing-book.php" server="ftp.stukulele.com/public_html/" local="3845618867" remote="3813656400" Dst="-1" /><file name="page-landing-event.php" server="ftp.stukulele.com/public_html/" local="3845618868" remote="3813656400" Dst="-1" /><file name="page-landing-podcast.php" server="ftp.stukulele.com/public_html/" local="3845618868" remote="3813656400" Dst="-1" /><file name="page-link-in-bio-heading-paragraph-links-image.php" server="ftp.stukulele.com/public_html/" local="3845618868" remote="3813656400" Dst="-1" /><file name="page-link-in-bio-with-tight-margins.php" server="ftp.stukulele.com/public_html/" local="3845618868" remote="3813656400" Dst="-1" /><file name="page-link-in-bio-wide-margins.php" server="ftp.stukulele.com/public_html/" local="3845618868" remote="3813656400" Dst="-1" /><file name="page-portfolio-home.php" server="ftp.stukulele.com/public_html/" local="3845618869" remote="3813656400" Dst="-1" /><file name="page-shop-home.php" server="ftp.stukulele.com/public_html/" local="3845618869" remote="3813656400" Dst="-1" /><file name="post-navigation.php" server="ftp.stukulele.com/public_html/" local="3845618869" remote="3810463200" Dst="-1" /><file name="pricing-2-col.php" server="ftp.stukulele.com/public_html/" local="3845618869" remote="3813656400" Dst="-1" /><file name="services-3-col.php" server="ftp.stukulele.com/public_html/" local="3845618869" remote="3813656400" Dst="-1" /><file name="pricing-3-col.php" server="ftp.stukulele.com/public_html/" local="3845618869" remote="3813656400" Dst="-1" /><file name="services-subscriber-only-section.php" server="ftp.stukulele.com/public_html/" local="3845618870" remote="3813656400" Dst="-1" /><file name="services-team-photos.php" server="ftp.stukulele.com/public_html/" local="3845618870" remote="3813656400" Dst="-1" /><file name="template-404-vertical-header-blog.php" server="ftp.stukulele.com/public_html/" local="3845618870" remote="3823506000" Dst="-1" /><file name="template-archive-news-blog.php" server="ftp.stukulele.com/public_html/" local="3845618870" remote="3812360400" Dst="-1" /><file name="template-archive-photo-blog.php" server="ftp.stukulele.com/public_html/" local="3845618871" remote="3810463200" Dst="-1" /><file name="template-archive-text-blog.php" server="ftp.stukulele.com/public_html/" local="3845618871" remote="3823506000" Dst="-1" /><file name="template-archive-vertical-header-blog.php" server="ftp.stukulele.com/public_html/" local="3845618871" remote="3823506000" Dst="-1" /><file name="template-home-news-blog.php" server="ftp.stukulele.com/public_html/" local="3845618871" remote="3813656400" Dst="-1" /><file name="template-home-photo-blog.php" server="ftp.stukulele.com/public_html/" local="3845618871" remote="3811064400" Dst="-1" /><file name="template-home-posts-grid-news-blog.php" server="ftp.stukulele.com/public_html/" local="3845618871" remote="3812360400" Dst="-1" /><file name="template-home-text-blog.php" server="ftp.stukulele.com/public_html/" local="3845618872" remote="3823506000" Dst="-1" /><file name="template-home-vertical-header-blog.php" server="ftp.stukulele.com/public_html/" local="3845618872" remote="3823506000" Dst="-1" /><file name="template-home-with-sidebar-news-blog.php" server="ftp.stukulele.com/public_html/" local="3845618872" remote="3813570000" Dst="-1" /><file name="template-page-photo-blog.php" server="ftp.stukulele.com/public_html/" local="3845618872" remote="3810463200" Dst="-1" /><file name="template-page-vertical-header-blog.php" server="ftp.stukulele.com/public_html/" local="3845618872" remote="3823506000" Dst="-1" /><file name="template-query-loop-news-blog.php" server="ftp.stukulele.com/public_html/" local="3845618872" remote="3811064400" Dst="-1" /><file name="template-query-loop-photo-blog.php" server="ftp.stukulele.com/public_html/" local="3845618873" remote="3811669200" Dst="-1" /><file name="template-query-loop-text-blog.php" server="ftp.stukulele.com/public_html/" local="3845618873" remote="3823506000" Dst="-1" /><file name="template-query-loop-vertical-header-blog.php" server="ftp.stukulele.com/public_html/" local="3845618873" remote="3823506000" Dst="-1" /><file name="template-query-loop.php" server="ftp.stukulele.com/public_html/" local="3845618873" remote="3813570000" Dst="-1" /><file name="template-search-news-blog.php" server="ftp.stukulele.com/public_html/" local="3845618873" remote="3810463200" Dst="-1" /><file name="template-search-photo-blog.php" server="ftp.stukulele.com/public_html/" local="3845618874" remote="3810463200" Dst="-1" /><file name="template-search-text-blog.php" server="ftp.stukulele.com/public_html/" local="3845618874" remote="3823506000" Dst="-1" /><file name="template-search-vertical-header-blog.php" server="ftp.stukulele.com/public_html/" local="3845618874" remote="3810463200" Dst="-1" /><file name="template-single-left-aligned-content.php" server="ftp.stukulele.com/public_html/" local="3845618874" remote="3812878800" Dst="-1" /><file name="template-single-news-blog.php" server="ftp.stukulele.com/public_html/" local="3845618874" remote="3812360400" Dst="-1" /><file name="template-single-offset.php" server="ftp.stukulele.com/public_html/" local="3845618875" remote="3811064400" Dst="-1" /><file name="template-single-photo-blog.php" server="ftp.stukulele.com/public_html/" local="3845618875" remote="3812360400" Dst="-1" /><file name="template-single-text-blog.php" server="ftp.stukulele.com/public_html/" local="3845618875" remote="3823506000" Dst="-1" /><file name="template-single-vertical-header-blog.php" server="ftp.stukulele.com/public_html/" local="3845618875" remote="3811064400" Dst="-1" /><file name="testimonials-2-col.php" server="ftp.stukulele.com/public_html/" local="3845618875" remote="3813656400" Dst="-1" /><file name="testimonials-6-col.php" server="ftp.stukulele.com/public_html/" local="3845618876" remote="3813656400" Dst="-1" /><file name="testimonials-large.php" server="ftp.stukulele.com/public_html/" local="3845618876" remote="3813656400" Dst="-1" /><file name="text-faqs.php" server="ftp.stukulele.com/public_html/" local="3845618876" remote="3813656400" Dst="-1" /><file name="vertical-header.php" server="ftp.stukulele.com/public_html/" local="3845618876" remote="3823506000" Dst="-1" /></dwsync>