<?xml version="1.0" encoding="utf-8" ?><dwsync><file name="01-evening.json" server="ftp.stukulele.com/public_html/" local="3845618877" remote="3815038800" Dst="-1" /><file name="02-noon.json" server="ftp.stukulele.com/public_html/" local="3845618878" remote="3815038800" Dst="-1" /><file name="03-dusk.json" server="ftp.stukulele.com/public_html/" local="3845618878" remote="3815038800" Dst="-1" /><file name="04-afternoon.json" server="ftp.stukulele.com/public_html/" local="3845618878" remote="3815038800" Dst="-1" /><file name="05-twilight.json" server="ftp.stukulele.com/public_html/" local="3845618878" remote="3815038800" Dst="-1" /><file name="06-morning.json" server="ftp.stukulele.com/public_html/" local="3845618879" remote="3815038800" Dst="-1" /><file name="07-sunrise.json" server="ftp.stukulele.com/public_html/" local="3845618879" remote="3815038800" Dst="-1" /><file name="08-midnight.json" server="ftp.stukulele.com/public_html/" local="3845618879" remote="3815038800" Dst="-1" /></dwsync>